[
  {
    "PersonId": "7cf538ba-19a8-45c5-a6d8-21d5d9da5c03",
    "firstName": "saagara",
    "lastName": "Guuptaq",
    "dateOfBirth": "2020-11-06",
    "nickName": "nick",
    "Address": [
      {
        "addressId": "ab7cc509-6f37-4a67-9371-061e5b08e6a8",
        "addressLine1": "Address 1",
        "addressLine2": "line",
        "postcode": "122",
        "country": "AL"
      },
      {
        "addressId": "2d9e833c-976c-4789-8658-f942c69a7ec9",
        "addressLine1": "Address 1",
        "addressLine2": "line",
        "postcode": "1223",
        "country": "AL"
      }
    ]
  },
  {
    "PersonId": "945617a8-7ddc-4974-95d7-3b3a95086237",
    "firstName": "saagar",
    "lastName": "Guupta",
    "dateOfBirth": "2020-11-06",
    "nickName": "saga",
    "Address": [
      {
        "addressId": "003dae22-7a4d-47eb-8354-22baf79fa917",
        "addressLine1": "Address 1",
        "addressLine2": "line",
        "postcode": "122",
        "country": "AL"
      }
    ]
  },
  {
    "PersonId": "bce90494-64b0-49fe-94c2-960ad8eb564d",
    "firstName": "sagar",
    "lastName": "Gupta",
    "dateOfBirth": "2020-11-06",
    "nickName": "nick",
    "Address": []
  }
]